{
    "rmse": 0.6462455473886701,
    "mae": 0.5035880159622677,
    "r2": 0.38817271092926775
}